<?xml version="1.0" encoding="UTF-8"?>
<data>
	<Movie>
		<category>Comedy</category>
		<title>Hoodwinked</title>
		<actor>Anne Hathaway</actor>
	</Movie>
	<Movie>
		<category>Comedy</category>
		<title>RV</title>
		<actor>Robin Williams</actor>
	</Movie>
	<Movie>
		<category>Comedy</category>
		<title>Aladdin</title>
		<actor>Robin Williams</actor>
	</Movie>
	<Movie>
		<category>Comedy</category>
		<title>School of Rock</title>
		<actor>Jack Black</actor>
	</Movie>
	<Movie>
		<category>Comedy</category>
		<title>Nacho Libre</title>
		<actor>Jack Black</actor>
	</Movie>
	<Movie>
		<category>Action</category>
		<title>MI:I</title>
		<actor>Tom Cruise</actor>
	</Movie>
	<Movie>
		<category>Action</category>
		<title>MI:II</title>
		<actor>Tom Cruise</actor>
	</Movie>
	<Movie>
		<category>Action</category>
		<title>MI:III</title>
		<actor>Tom Cruise</actor>
	</Movie>
	<Movie>
		<category>Action</category>
		<title>The Rock</title>
		<actor>Nicholas Cage</actor>
	</Movie>
	<Movie>
		<category>Action</category>
		<title>Con Air</title>
		<actor>Nicholas Cage</actor>
	</Movie>
	<Movie>
		<category>Action</category>
		<title>The Matrix</title>
		<actor>Keanu Reeves</actor>
	</Movie>
	<Movie>
		<category>Drama</category>
		<title>Shawshank Redemption</title>
		<actor>Tim Robbins</actor>
	</Movie>
	<Movie>
		<category>Drama</category>
		<title>Castaway</title>
		<actor>Tom Hanks</actor>
	</Movie>
	<Movie>
		<category>Drama</category>
		<title>The Green Mile</title>
		<actor>Tom Hanks</actor>
	</Movie>
	<Movie>
		<category>Drama</category>
		<title>Road to Perdition</title>
		<actor>Tom Hanks</actor>
	</Movie>
</data>